{"Loss": 0.16670947894454002, "_runtime": 296, "_timestamp": 1634210620, "_step": 635, "Val Loss": 0.22122827172279358, "Acc": 15.45, "Val ACC": 0.0}